{"references": ["NC_007018.1", "KM390024.1", "AY622943.1"], "primary_ref": "NC_007018.1", "secondary_refs": ["KM390024.1", "AY622943.1"], "secondary_ref_count": 2, "excluded_refs": [], "excluded_ref_count": 0, "regions": 17, "percent_coverage": 94.51, "gaps": 0, "config": {"amplicon_size_min": 380, "amplicon_size_max": 420, "high_gc": false, "primalscheme_version": "1.3.2", "primary_only": false, "primer_size_range": {"min": 19, "max": 34, "opt": 22}, "primer_gc_range": {"min": 30, "max": 55, "opt": 50}, "step_distance": 11, "target_overlap": 0}}