{"references": ["CHRF_BD0003_CZ", "CSF_0017_CZ", "CSF_0004_CZ", "CSF_0018_CZ", "CSF_0019_CZ", "CSF_0023_NODE_1_length_4912_cov_9477", "CSF_0026_CZ"], "primary_ref": "CHRF_BD0003_CZ", "secondary_refs": ["CSF_0017_CZ", "CSF_0004_CZ", "CSF_0018_CZ", "CSF_0019_CZ", "CSF_0023_NODE_1_length_4912_cov_9477", "CSF_0026_CZ"], "secondary_ref_count": 6, "excluded_refs": [], "excluded_ref_count": 0, "regions": 15, "percent_coverage": 95.95, "gaps": 0, "config": {"amplicon_size_min": 380, "amplicon_size_max": 420, "high_gc": false, "primalscheme_version": "1.3.2", "primary_only": false, "primer_size_range": {"min": 19, "max": 34, "opt": 22}, "primer_gc_range": {"min": 30, "max": 55, "opt": 50}, "step_distance": 11, "target_overlap": 0}}