{"references": ["NC_007018.1", "KM390024.1", "KU871314.1", "KU871315.1", "AY622943.1", "EU546204.1", "EU546210.1", "EU175856.1", "EU874248.1", "EU546205.1", "EU546206.1", "EU546207.1", "HQ593530.1", "EU546211.1", "EU200667.1", "EU175855.1"], "primary_ref": "NC_007018.1", "secondary_refs": ["KM390024.1", "KU871314.1", "KU871315.1", "AY622943.1", "EU546204.1", "EU546210.1", "EU175856.1", "EU874248.1", "EU546205.1", "EU546206.1", "EU546207.1", "HQ593530.1", "EU546211.1", "EU200667.1", "EU175855.1"], "secondary_ref_count": 15, "excluded_refs": [], "excluded_ref_count": 0, "regions": 17, "percent_coverage": 93.41, "gaps": 0, "config": {"amplicon_size_min": 380, "amplicon_size_max": 420, "high_gc": false, "primalscheme_version": "1.3.2", "primary_only": false, "primer_size_range": {"min": 19, "max": 34, "opt": 22}, "primer_gc_range": {"min": 30, "max": 55, "opt": 50}, "step_distance": 11, "target_overlap": 0}}