{"references": ["NC_007018.1", "KM390024.1", "CHRF_BD0003_CZ", "CSF_0017_CZ", "CSF_0004_CZ", "CSF_0018_CZ", "CSF_0019_CZ", "CSF_0023_NODE_1_length_4912_cov_9477", "CSF_0026_CZ", "KU871314.1", "KU871315.1", "AY622943.1", "EU546204.1", "EU546210.1", "EU175856.1", "EU874248.1", "EU546205.1", "EU546206.1", "EU546207.1", "HQ593530.1", "EU546211.1", "EU200667.1", "EU175855.1", "DQ873387.1", "DQ873388.1", "DQ873389.1", "DQ873386.1", "DQ873391.1"], "primary_ref": "NC_007018.1", "secondary_refs": ["KM390024.1", "AY622943.1", "EU546204.1", "EU546210.1", "EU175856.1", "EU546205.1", "EU546206.1", "EU546207.1", "HQ593530.1", "EU546211.1", "EU175855.1"], "secondary_ref_count": 11, "excluded_refs": ["CHRF_BD0003_CZ", "CSF_0017_CZ", "CSF_0004_CZ", "CSF_0018_CZ", "CSF_0019_CZ", "CSF_0023_NODE_1_length_4912_cov_9477", "CSF_0026_CZ", "KU871314.1", "KU871315.1", "EU874248.1", "EU200667.1", "DQ873387.1", "DQ873388.1", "DQ873389.1", "DQ873386.1", "DQ873391.1"], "excluded_ref_count": 16, "regions": 16, "percent_coverage": 91.0, "gaps": 0, "config": {"amplicon_size_min": 380, "amplicon_size_max": 420, "high_gc": false, "primalscheme_version": "1.3.2", "primary_only": false, "primer_size_range": {"min": 19, "max": 34, "opt": 22}, "primer_gc_range": {"min": 30, "max": 55, "opt": 50}, "step_distance": 11, "target_overlap": 0}}